PRAGMA foreign_keys=OFF;
BEGIN TRANSACTION;
CREATE TABLE "migrations" ("migration" varchar not null, "batch" integer not null);
INSERT INTO "migrations" VALUES('2013_03_08_192422_create_users_table',1);
INSERT INTO "migrations" VALUES('2013_03_13_053830_create_questions_table',1);
INSERT INTO "migrations" VALUES('2013_03_14_031251_create_answers_table',1);
CREATE TABLE "users" ("id" integer not null primary key autoincrement, "username" varchar not null, "password" varchar not null, "created_at" datetime not null, "updated_at" datetime not null);
INSERT INTO "users" VALUES(1,'joel','$2y$08$hdvWMiwH9f9pI81KySHtZe/H8gmTNPK.c88u3iHyX3uOOd0OpOHAq','2013-11-12 09:14:14','2013-11-12 09:14:14');
INSERT INTO "users" VALUES(2,'test1','$2y$08$6bVYiBXqai5qarZnyNm0AOx4wlPqdDbOYH9jOVFt0rZAQXnCf9a36','2013-11-12 09:14:14','2013-11-12 09:14:14');
INSERT INTO "users" VALUES(3,'test2','$2y$08$.iUw741/5NYEnRJ266nlsOveUiOq2qkqm2O75o0q95AlwlXZngky.','2013-11-12 09:14:14','2013-11-12 09:14:14');
CREATE TABLE "questions" ("id" integer not null primary key autoincrement, "user_id" integer not null, "question" varchar not null, "solved" tinyint not null, "created_at" datetime not null, "updated_at" datetime not null);
INSERT INTO "questions" VALUES(1,1,'Does this work?',0,'2013-11-12 09:14:14','2013-11-12 09:14:14');
INSERT INTO "questions" VALUES(2,1,'Does it work for solved items?',1,'2013-11-12 09:14:14','2013-11-12 09:14:14');
INSERT INTO "questions" VALUES(3,2,'Do questions from other users work?',0,'2013-11-12 09:14:14','2013-11-12 09:14:14');
INSERT INTO "questions" VALUES(4,3,'How many questions shall I ask?',0,'2013-11-12 09:14:14','2013-11-12 09:14:14');
INSERT INTO "questions" VALUES(5,2,'Do questions work out of order?',0,'2013-11-12 09:14:14','2013-11-12 09:14:14');
INSERT INTO "questions" VALUES(6,2,'Does a solved question show up?',1,'2013-11-12 09:14:14','2013-11-12 09:14:14');
CREATE TABLE "answers" ("id" integer not null primary key autoincrement, "user_id" integer not null, "question_id" integer not null, "answer" varchar not null, "created_at" datetime not null, "updated_at" datetime not null);
INSERT INTO "answers" VALUES(1,2,1,'Yes, it does!','2013-11-12 09:14:14','2013-11-12 09:14:14');
INSERT INTO "answers" VALUES(2,1,4,'As many as you''d like','2013-11-12 09:14:14','2013-11-12 09:14:14');
DELETE FROM sqlite_sequence;
INSERT INTO "sqlite_sequence" VALUES('users',3);
INSERT INTO "sqlite_sequence" VALUES('questions',6);
INSERT INTO "sqlite_sequence" VALUES('answers',2);
CREATE UNIQUE INDEX users_username_unique on "users" ("username");
COMMIT;
